Stations,Different,Same,NA,
D6_NZ002,19,11,0,63.33333333
D6_NZ004,15,15,0,50
D6_NZ325,18,12,0,60
NZ002_NZ004,19,11,0,63.33333333
NZ002_NZ325,11,19,0,36.66666667
NZ004_NZ325,19,11,0,63.33333333
